Chapter,Video,Duration,34:32:01
"Growth Adaptations, Cellular Injury, and Cell Death",Growth Adaptations,28:34,
"Growth Adaptations, Cellular Injury, and Cell Death",Cellular Injury,44:45,
"Growth Adaptations, Cellular Injury, and Cell Death",Cell Death,38:34,
"Growth Adaptations, Cellular Injury, and Cell Death",Free Radical Injury,22:18,
"Growth Adaptations, Cellular Injury, and Cell Death",Amyloid,19:59,
"Inflammation, Inflammatory Disorder, and Healing",Acute Inflammation Part 1,35:48,
"Inflammation, Inflammatory Disorder, and Healing",Acute Inflammation Part 2,27:04,
"Inflammation, Inflammatory Disorder, and Healing",Acute Inflammation Part 3,19:02,
"Inflammation, Inflammatory Disorder, and Healing",Chronic Inflammation,25:48,
"Inflammation, Inflammatory Disorder, and Healing",Primary Immunodeficiency,17:03,
"Inflammation, Inflammatory Disorder, and Healing",Autoimmune Disorders Part 1,29:53,
"Inflammation, Inflammatory Disorder, and Healing",Autoimmune Disorders Part 2,45:16,
"Inflammation, Inflammatory Disorder, and Healing",Wound Healing,24:43,
Principles of Neoplasia,Neoplasia,38:19,
Principles of Neoplasia,Carcinogenesis Part 1,20:50,
Principles of Neoplasia,Carcinogenesis Part 2,28:52,
Principles of Neoplasia,Carcinogenesis Part 3,19:29,
Principles of Neoplasia,Tumor Progression,09:08,
Principles of Neoplasia,Clinical Characteristics,20:49,
Hemostasis and Related Disorders,Primary Hemostasis and Related Bleeding Disorders,42:42,
Hemostasis and Related Disorders,Secondary Hemostasis and Related Disorders,20:47,
Hemostasis and Related Disorders,Other Disorders of Hemostasis,13:10,
Hemostasis and Related Disorders,Thrombosis,22:11,
Hemostasis and Related Disorders,Embolism,11:56,
Red Blood Cell Disorders,Anemia,06:59,
Red Blood Cell Disorders,Microcytic Anemias Part 1,28:04,
Red Blood Cell Disorders,Microcytic Anemias Part 2,19:03,
Red Blood Cell Disorders,Microcytic Anemias Part 3,19:25,
Red Blood Cell Disorders,Macrocytic Anemia,21:59,
Red Blood Cell Disorders,Normocytic Anemias with Extravascular Hemolysis,25:31,
Red Blood Cell Disorders,Normocytic Anemias with Predominant Intravascular Hemolysis + Anemia,27:21,
White Blood Cell Disorders,Leukopenia and Leukocytosis,20:36,
White Blood Cell Disorders,Acute Leukemia,18:53,
White Blood Cell Disorders,Chronic Leukemia,10:30,
White Blood Cell Disorders,Myeloproliferative Disorders,21:33,
White Blood Cell Disorders,Lymphadenopathy + Lymphoma + Hodgkin Lymphoma,30:59,
White Blood Cell Disorders,Plasma Cell Disorders (Dyscrasias) + Langerhan's Cell Histiocytosis,15:13,
Vascular Pathology,Vasculitis,26:53,
Vascular Pathology,Hypertension,06:43,
Vascular Pathology,Arteriosclerosis,17:55,
Vascular Pathology,Aortic Dissection and Aneurysm,12:44,
Vascular Pathology,Vascular Tumors,05:08,
Cardiac Pathology,Ischemic Heart Disease,29:36,
Cardiac Pathology,Congestive Heart Failure,06:24,
Cardiac Pathology,Congenital Defects,17:17,
Cardiac Pathology,Valvular Disorders,24:31,
Cardiac Pathology,Endocarditis,07:18,
Cardiac Pathology,Cardiomyopathy + Cardiac Tumors,08:23,
Respiratory Tract Pathology,Nasopharynx + Larynx,08:23,
Respiratory Tract Pathology,Pulmonary Infections,19:36,
Respiratory Tract Pathology,Chronic Obstructive Pulmonary Disease,49:54,
Respiratory Tract Pathology,Restrictive Diseases,21:43,
Respiratory Tract Pathology,Pulmonary Hypertension + Respiratory Distress Syndromes,14:50,
Respiratory Tract Pathology,Lung Cancer,18:02,
Respiratory Tract Pathology,Pleura,03:05,
Gastrointestinal Pathology,Oral Cavity,06:03,
Gastrointestinal Pathology,Salivary Gland,06:44,
Gastrointestinal Pathology,Esophagus,27:51,
Gastrointestinal Pathology,Stomach,35:26,
Gastrointestinal Pathology,Small Bowel,31:09,
Gastrointestinal Pathology,Appendix + Inflammatory Bowel Disease,18:52,
Gastrointestinal Pathology,Colon Part 1,21:34,
Gastrointestinal Pathology,Colon Part 2,08:48,
"Exocrine Pancreas, Gallbladder, and Liver Pathology",Exocrine Pancreas,13:16,
"Exocrine Pancreas, Gallbladder, and Liver Pathology",Gallbladder and Biliary Tract,10:54,
"Exocrine Pancreas, Gallbladder, and Liver Pathology",Liver Part 1,11:50,
"Exocrine Pancreas, Gallbladder, and Liver Pathology",Liver Part 2,08:14,
"Exocrine Pancreas, Gallbladder, and Liver Pathology",Liver Part 3,20:47,
Kidney and Urinary Tract Pathology,Congenital,11:36,
Kidney and Urinary Tract Pathology,Acute Renal Failure,15:02,
Kidney and Urinary Tract Pathology,Nephrotic Syndrome,26:38,
Kidney and Urinary Tract Pathology,Nephritic Syndrome,12:27,
Kidney and Urinary Tract Pathology,Urinary Tract Infection + Nephrolithiasis + Chronic Renal Failure,15:30,
Kidney and Urinary Tract Pathology,Renal Neoplasia,06:29,
Kidney and Urinary Tract Pathology,Lower Urinary Tract Carcinoma,07:11,
Female Genital System and Gestational Pathology,Vulva,21:59,
Female Genital System and Gestational Pathology,Vagina,13:44,
Female Genital System and Gestational Pathology,Cervix,20:14,
Female Genital System and Gestational Pathology,Endometrium and Myometrium,30:45,
Female Genital System and Gestational Pathology,Ovary,09:09,
Female Genital System and Gestational Pathology,Ovarian Tumors,33:18,
Female Genital System and Gestational Pathology,Gestational Pathology,24:11,
Male Genital System Pathology,Penis,06:56,
Male Genital System Pathology,Testicle,08:43,
Male Genital System Pathology,Testicular Tumors,13:29,
Male Genital System Pathology,Prostate,12:06,
Endocrine Pathology,Anterior Pituitary Gland + Posterior Pituitary Gland,13:30,
Endocrine Pathology,Thyroid Gland + Hyperthyroidism + Hypothyroidism + Thyroiditis+ Thyroid Neoplasia,26:15,
Endocrine Pathology,Parathyroid Gland,10:44,
Endocrine Pathology,Endocrine Pancreas,15:21,
Endocrine Pathology,Adrenal Cortex + Adrenal Medulla,25:09,
Breast Pathology,Introduction,06:32,
Breast Pathology,Inflammatory Conditions,08:49,
Breast Pathology,Benign Tumors and Fibrocystic Changes,14:51,
Breast Pathology,Breast Cancer,29:13,
Central Nervous System Pathology,Developmental Anomalies,05:07,
Central Nervous System Pathology,Spinal Cord Lesions,08:49,
Central Nervous System Pathology,Meningitis,05:39,
Central Nervous System Pathology,Cerebrovascular Disease,15:46,
Central Nervous System Pathology,Trauma + Demyelinating Disorders,13:09,
Central Nervous System Pathology,Dementia and Degenerative Disorders,34:44,
Central Nervous System Pathology,CNS Tumors,12:23,
Musculoskeletal Pathology,Skeletal System,24:50,
Musculoskeletal Pathology,Bone Tumors,14:44,
Musculoskeletal Pathology,Joint,20:52,
Musculoskeletal Pathology,Skeletal Muscle + Neuromuscular Juction + Soft Tissue Tumors,15:57,
Skin Pathology,Inflammatory Dermatoses,14:37,
Skin Pathology,Blistering Dermatoses,09:28,
Skin Pathology,Epithelial Tumors,07:42,
Skin Pathology,Disorders of Pigmentation and Melanocytes,11:32,
Skin Pathology,Infectious Disorders,03:52,