Chapter,Chapter Duration (h:mm:ss),34:32:01
"Growth Adaptations, Cellular Injury, and Cell Death",2:34:10,
"Inflammation, Inflammatory Disorder, and Healing",3:44:37,
Principles of Neoplasia,2:17:27,
Hemostasis and Related Disorders,1:50:46,
Red Blood Cell Disorders,2:28:22,
White Blood Cell Disorders,1:57:44,
Vascular Pathology,1:09:23,
Cardiac Pathology,1:33:29,
Respiratory Tract Pathology,2:15:33,
Gastrointestinal Pathology,2:36:27,
"Exocrine Pancreas, Gallbladder, and Liver Pathology",1:05:01,
Kidney and Urinary Tract Pathology,1:34:53,
Female Genital System and Gestational Pathology,2:33:20,
Male Genital System Pathology,0:41:14,
Endocrine Pathology,1:30:59,
Breast Pathology,0:59:25,
Central Nervous System Pathology,1:35:37,
Musculoskeletal Pathology,1:16:23,
Skin Pathology,0:47:11,