Subject,Group,Video,Duration,26:23:38
Biochemistry,Vitamins,Vitamin B1 (Thiamine) Biochemistry,0:07:19,
Biochemistry,Vitamins,Vitamin B1 (Thiamine) Deficiency,0:10:51,
Biochemistry,Vitamins,Vitamin B2 (Riboflavin),0:06:30,
Biochemistry,Vitamins,Vitamin B3 (Niacin) Biochemistry,0:07:50,
Biochemistry,Vitamins,Vitamin B3 (Niacin) Deficiency and Excess,0:08:32,
Biochemistry,Vitamins,Hartnup Disease,0:05:58,
Biochemistry,Vitamins,Vitamin B5 (Pantothenic Acid),0:05:33,
Biochemistry,Vitamins,Vitamin B6 (Pyridoxine),0:10:15,
Biochemistry,Vitamins,Vitamin B7 (Biotin),0:07:52,
Biochemistry,Vitamins,Vitamin B9 (Folate),0:03:39,
Biochemistry,Vitamins,Vitamin B12 (Cobalamin) Biochemistry,0:07:02,
Biochemistry,Vitamins,Vitamins B9 and B12 Deficiencies,0:20:08,
Biochemistry,Vitamins,Vitamin A (Retinol) Biochemistry,0:09:24,
Biochemistry,Vitamins,Vitamin A (Retinol) Deficiency and Excess,0:09:16,
Biochemistry,Vitamins,Vitamin C (Ascorbic Acid) Biochemistry,0:08:06,
Biochemistry,Vitamins,Vitamin C (Ascorbic Acid) Deficiency and Excess,0:09:01,
Biochemistry,Vitamins,Vitamin D Biochemistry,0:11:42,
Biochemistry,Vitamins,Vitamin D Deficiency and Excess,0:11:37,
Biochemistry,Vitamins,Vitamin E (Tocopherol/Tocotrienol),0:07:23,
Biochemistry,Vitamins,Vitamin K Biochemistry,0:06:53,
Biochemistry,Vitamins,Vitamin K Deficiency,0:06:34,
Biochemistry,Vitamins,Zinc,0:06:06,
Biochemistry,Vitamins,Kwashiorkor and Marasmus,0:05:57,
Biochemistry,Biochemical Pathways,Glycolysis,0:20:00,
Biochemistry,Biochemical Pathways,Citric Acid Cycle (TCA Cycle),0:20:01,
Biochemistry,Biochemical Pathways,Electron Transport Chain (ETC),0:19:58,
Biochemistry,Biochemical Pathways,Cori Cycle,0:06:40,
Biochemistry,Biochemical Pathways,De Novo Purine Synthesis,0:08:48,
Biochemistry,Biochemical Pathways,De Novo Pyrimidine Synthesis,0:21:03,
Biochemistry,Biochemical Pathways,Purine Salvage,0:11:31,
Biochemistry,Biochemical Pathways,Purine Excretion,0:09:34,
Biochemistry,Biochemical Pathways,Ethanol Metabolism,0:12:40,
Biochemistry,Biochemical Pathways,Pyruvate Metabolism,0:11:12,
Biochemistry,Biochemical Pathways,HMP Shunt (Pentose Phosphate Pathway),0:11:58,
Biochemistry,Biochemical Pathways,Galactose Metabolism,0:11:14,
Biochemistry,Biochemical Pathways,Sorbitol (Polyol) Pathway,0:10:17,
Biochemistry,Biochemical Pathways,Urea Cycle,0:12:58,
Biochemistry,Biochemical Pathways,Alanine (Cahill) Cycle,0:11:15,
Biochemistry,Biochemical Pathways,Catecholamine Synthesis & Breakdown,0:19:00,
Biochemistry,Biochemical Pathways,Homocysteine Metabolism,0:09:29,
Biochemistry,Biochemical Pathways,Fatty Acid Synthesis (Citrate Shuttle),0:05:07,
Biochemistry,Biochemical Pathways,Fatty Acid Breakdown (Carnitine Shuttle),0:07:00,
Biochemistry,Biochemical Pathways,Propionic Acid Pathway,0:11:10,
Biochemistry,Biochemical Pathways,Fructose Metabolism,0:07:55,
Biochemistry,Biochemical Pathways,"Regulation by Fructose-2,6-Bisphosphate (F-2,6-BP)",0:09:28,
Biochemistry,Biochemical Pathways,Glycogenesis,0:10:45,
Biochemistry,Biochemical Pathways,Glycogenolysis,0:17:30,
Biochemistry,Metabolic Disorders,Albinism,0:05:39,
Biochemistry,Metabolic Disorders,Pyruvate Dehydrogenase Deficiency,0:05:48,
Biochemistry,Metabolic Disorders,Pyruvate Kinase Deficiency,0:08:13,
Biochemistry,Metabolic Disorders,G6PD Deficiency,0:13:07,
Biochemistry,Metabolic Disorders,Essential Fructosuria,0:03:48,
Biochemistry,Metabolic Disorders,Hereditary Fructose Intolerance,0:07:07,
Biochemistry,Metabolic Disorders,Galactosemia,0:12:01,
Biochemistry,Metabolic Disorders,Galactokinase Deficiency,0:06:16,
Biochemistry,Metabolic Disorders,Lactase Deficiency,0:10:03,
Biochemistry,Metabolic Disorders,Ornithine Transcarbamylase Deficiency,0:07:10,
Biochemistry,Metabolic Disorders,Phenylketonuria (PKU),0:08:52,
Biochemistry,Metabolic Disorders,Maple Syrup Urine Disease,0:06:54,
Biochemistry,Metabolic Disorders,Alkaptonuria,0:06:35,
Biochemistry,Metabolic Disorders,Homocystinuria,0:10:09,
Biochemistry,Metabolic Disorders,Cystinuria,0:07:37,
Biochemistry,Metabolic Disorders,Propionic Acidemia,0:07:53,
Biochemistry,Metabolic Disorders,Lesch-Nyhan Syndrome,0:06:48,
Biochemistry,Metabolic Disorders,Systemic Primary Carnitine Deficiency,0:10:03,
Biochemistry,Metabolic Disorders,MCAD Deficiency,0:09:13,
Biochemistry,Lipids,Chylomicron Metabolism,0:13:14,
Biochemistry,Lipids,VLDL Metabolism,0:16:18,
Biochemistry,Lipids,HDL Metabolism,0:05:27,
Biochemistry,Lipids,Abetalipoproteinemia,0:08:00,
Biochemistry,Lipids,Familial Hyperchylomicronemia,0:07:48,
Biochemistry,Lipids,Familial Hypercholesterolemia,0:08:24,
Biochemistry,Lipids,Familial Dysbetalipoproteinemia,0:08:11,
Biochemistry,Lipids,Familial Hypertriglyceridemia,0:04:58,
Biochemistry,Autosomal Dominant Diseases,Marfan Syndrome,0:04:45,
Biochemistry,Autosomal Dominant Diseases,Li-Fraumeni Syndrome (LFS),0:05:03,
Biochemistry,Autosomal Dominant Diseases,Achondroplasia,0:04:13,
Biochemistry,Autosomal Dominant Diseases,Job (Hyper IgE) Syndrome,0:04:21,
Biochemistry,Autosomal Dominant Diseases,HHT,0:03:45,
Biochemistry,Autosomal Dominant Diseases,Hereditary Spherocytosis,0:06:42,
Biochemistry,Autosomal Dominant Diseases,von Hippel-Lindau (VHL),0:04:35,
Biochemistry,Autosomal Dominant Diseases,MEN 1,0:05:01,
Biochemistry,Autosomal Dominant Diseases,MEN 2,0:04:29,
Biochemistry,Autosomal Dominant Diseases,Von Recklinghausen Disease (NF I),0:04:21,
Biochemistry,Autosomal Dominant Diseases,Neurofibromatosis Type II (NF II),0:02:17,
Biochemistry,Autosomal Dominant Diseases,Myotonic Dystrophy,0:03:50,
Biochemistry,Autosomal Dominant Diseases,ADPKD,0:06:27,
Biochemistry,Lysosomal Storage Diseases,Krabbe Disease,0:04:43,
Biochemistry,Lysosomal Storage Diseases,Hurler and Hunter Syndromes,0:07:53,
Biochemistry,Lysosomal Storage Diseases,Fabry Disease,0:05:32,
Biochemistry,Lysosomal Storage Diseases,Tay-Sachs and Niemann-Pick,0:07:15,
Biochemistry,Lysosomal Storage Diseases,Gaucher Disease,0:03:53,
Biochemistry,Lysosomal Storage Diseases,Metachromatic Leukodystrophy,0:04:45,
Biochemistry,Lysosomal Storage Diseases,I-Cell Disease,0:08:52,
Biochemistry,Glycogen Storage Diseases,Pompe Disease (Type II),0:05:15,
Biochemistry,Glycogen Storage Diseases,Von Gierke (Type I),0:05:05,
Biochemistry,Glycogen Storage Diseases,Cori Disease (Type III),0:05:00,
Biochemistry,Glycogen Storage Diseases,McArdle Disease (Type V),0:05:06,
Biochemistry,Chromosomal Abnormalities,Down Syndrome (Trisomy 21),0:10:52,
Biochemistry,Chromosomal Abnormalities,Edwards Syndrome (Trisomy 18),0:07:53,
Biochemistry,Chromosomal Abnormalities,Patau Syndrome (Trisomy 13),0:06:22,
Biochemistry,Chromosomal Abnormalities,Klinefelter Syndrome,0:07:09,
Biochemistry,Chromosomal Abnormalities,Turner Syndrome,0:08:43,
Biochemistry,Chromosomal Abnormalities,Williams Syndrome,0:06:58,
Biochemistry,Chromosomal Abnormalities,Cri du Chat Syndrome,0:03:38,
Biochemistry,Chromosomal Abnormalities,Imprinting,0:05:30,
Biochemistry,Collagen Related Disorders,Alport Syndrome,0:05:38,
Biochemistry,Collagen Related Disorders,Menkes Disease,0:07:31,
Biochemistry,Collagen Related Disorders,Osteogenesis Imperfecta (Brittle Bone Disease),0:06:49,
Biochemistry,Collagen Related Disorders,Collagen Synthesis,0:11:45,
Biochemistry,Collagen Related Disorders,Ehlers-Danlos Syndrome,0:09:45,
Biochemistry,Collagen Related Disorders,Goodpasture Syndrome,0:06:12,
Biochemistry,DNA Repair,Lynch Syndrome,0:09:40,
Biochemistry,DNA Repair,Xeroderma Pigmentosum,0:05:53,
Biochemistry,DNA Repair,Ataxia-Telangiectasia,0:07:44,
Biochemistry,DNA Repair,Bloom Syndrome,0:04:39,
Biochemistry,Lung Cancer,Lung Cancer Overview,0:06:30,
Biochemistry,Lung Cancer,Small Cell Carcinoma,0:05:31,
Biochemistry,Lung Cancer,Adenocarcinoma,0:03:45,
Biochemistry,Lung Cancer,Squamous Cell Carcinoma,0:02:52,
Biochemistry,Lung Cancer,Large Cell Carcinoma,0:02:13,
Biochemistry,Lung Cancer,Bronchial Carcinoid Tumor,0:02:08,
Biochemistry,Toxicology,Cyanide Poisoning,0:10:09,
Biochemistry,Toxicology,Tetrodotoxin,0:06:22,
Biochemistry,Toxicology,Methanol Poisoning,0:06:32,
Biochemistry,Toxicology,Ethylene Glycol Poisoning,0:08:09,
Biochemistry,Toxicology,Ciguatoxin (Ciguatera Fish Poisoning),0:05:46,
Biochemistry,Toxicology,Spoiled Fish (Scombroid) Poisoning,0:04:42,
Biochemistry,Toxicology,Carbon Monoxide Poisoning,0:11:11,
Biochemistry,Toxicology,Amanita Phalloides (No video),0:00:00,
Biochemistry,Vasculitides,Giant Cell (Temporal) Arteritis,0:12:03,
Biochemistry,Vasculitides,Henoch-Schonlein Purpura,0:08:41,
Biochemistry,Vasculitides,Takayasu Arteritis,0:10:11,
Biochemistry,Vasculitides,Buerger Disease (Thromboangiitis Obliterans),0:08:52,
Biochemistry,Vasculitides,Behcet Disease,0:09:13,
Biochemistry,Vasculitides,Granulomatosis with Polyangiitis,0:14:05,
Biochemistry,Vasculitides,Mixed Cryoglobulinemia,0:07:29,
Biochemistry,Vasculitides,Microscopic Polyangiitis,0:11:22,
Biochemistry,Vasculitides,Kawasaki Disease,0:09:18,
Biochemistry,Peroxisome,Zellweger Syndrome,0:04:09,
Biochemistry,Peroxisome,Adrenoleukodystrophy,0:06:16,
Biochemistry,Peroxisome,Refsum Disease,0:09:18,
Biochemistry,Mitochondrial Diseases,Leber Hereditary Optic Neuropathy,0:03:48,
Biochemistry,Mitochondrial Diseases,Mitochondrial Myopathies,0:09:30,
Biochemistry,Heme and Porphyrias,Heme Synthesis,0:17:51,
Biochemistry,Heme and Porphyrias,Acute Intermittent Porphyria (AIP),0:08:52,
Biochemistry,Heme and Porphyrias,Porphyria Cutanea Tarda (PCT),0:06:35,
Biochemistry,Coagulation,Common Pathway of Coagulation,0:10:54,
Biochemistry,Coagulation,Extrinsic Pathway of Coagulation,0:07:29,
Biochemistry,Coagulation,Intrinsic Pathway of Coagulation,0:16:50,
Biochemistry,Coagulation,Hemophilia A,0:07:10,
Biochemistry,Coagulation,Hemophilia B,0:05:15,
Biochemistry,Coagulation,Hemophilia C,0:05:16,
Biochemistry,Coagulation,Factor V Leiden,0:06:58,
Biochemistry,Coagulation,Antithrombin-3 Deficiency (No Video),0:00:00,
Biochemistry,Platelet Disorders,Platelet Plug Formation,0:12:20,
Biochemistry,Platelet Disorders,Bernard-Soulier Syndrome,0:07:25,
Biochemistry,Platelet Disorders,Glanzmann Thrombasthenia,0:03:57,
Biochemistry,Platelet Disorders,Immune Thrombocytopenic Purpura (ITP),0:09:24,
Biochemistry,Platelet Disorders,Thrombotic Thrombocytopenic Purpura (TTP),0:10:09,
Biochemistry,Platelet Disorders,Hemolytic Uremic Syndrome (HUS),0:08:29,
Biochemistry,Platelet Disorders,FUTURE: Disseminated Intravascular Coagulation,0:00:00,
Biochemistry,Platelet Disorders,FUTURE: Von Willebrand Disease,0:00:00,
Biochemistry,Plasma Cell Dyscrasias,Waldenstrom Macroglobulinemia,0:08:24,
Biochemistry,Plasma Cell Dyscrasias,Multiple Myeloma,0:11:26,
Biochemistry,Developmental Milestones,2 Months,0:03:26,
Biochemistry,Developmental Milestones,4 Months,0:03:35,
Biochemistry,Developmental Milestones,6 Months,0:04:27,
Biochemistry,Developmental Milestones,9 Months,0:04:30,
Biochemistry,Developmental Milestones,12 Months,0:03:23,
Biochemistry,Developmental Milestones,18 Months,0:03:07,
Biochemistry,Developmental Milestones,2 Years,0:05:45,
Biochemistry,Developmental Milestones,3 Years,0:04:27,
Biochemistry,Developmental Milestones,4 Years,0:04:06,
Biochemistry,Developmental Milestones,5 Years,0:03:16,
Biochemistry,Lab Diagrams,BMP (Chem7) Fishbone,0:07:41,
Biochemistry,Lab Diagrams,CBC,0:07:05,
Biochemistry,Lab Diagrams,Coagulation Panel,0:08:38,
Biochemistry,Lab Diagrams,CMP,0:08:13,
Biochemistry,Lab Diagrams,ABG,0:06:15,
Biochemistry,Misc,Osteosarcoma,0:10:09,
Biochemistry,Misc,McCune-Albright Syndrome,0:08:16,
Biochemistry,Misc,Hexokinase vs Glucokinase,0:14:20,
Biochemistry,Misc,COP I & II and Clathrin,0:07:29,
Biochemistry,Misc,Kartagener Syndrome (Primary Ciliary Dyskinesia),0:08:33,
Biochemistry,Misc,Familial Adenomatous Polyposis (FAP),0:10:26,
Biochemistry,Misc,Peutz-Jeghers Syndrome,0:08:03,
Biochemistry,Misc,Cystic Fibrosis Overview,0:08:32,
Biochemistry,Misc,Cystic Fibrosis Complications,0:13:03,
Biochemistry,Misc,Medicare vs Medicaid,0:11:33,
Biochemistry,Misc,Duchenne and Becker Muscular Dystrophy,0:11:08,
Biochemistry,Misc,Yolk Sac Tumor,0:04:07,
Biochemistry,Misc,Rett Syndrome,0:04:30,
Biochemistry,Misc,Fragile X Syndrome,0:08:18,
Biochemistry,Misc,Whipple's Disease,0:06:04,
Biochemistry,Misc,Osteoid Osteoma vs Osteoblastoma,0:08:39,
Biochemistry,Misc,T1 vs T2 MRIs,0:04:25,
Biochemistry,Dyslipidemias (deprecated),Apolipoproteins,0:07:29,
Biochemistry,Dyslipidemias (deprecated),Hyperchylomicronemia,0:03:55,
Biochemistry,Dyslipidemias (deprecated),Hypercholesterolemia,0:04:52,
Biochemistry,Dyslipidemias (deprecated),Dysbetalipoproteinemia,0:02:53,
Biochemistry,Dyslipidemias (deprecated),Hypertriglyceridemia,0:02:45,
Biochemistry,Dyslipidemias (deprecated),Abetalipoproteinemia (No video),0:00:00,