Subject,Group,Video,Duration,11:09:18
Immunology,Immunoglobulins,Immunoglobulin A (IgA),0:06:45,
Immunology,Immunoglobulins,Immunoglobulin G (IgG),0:08:55,
Immunology,Immunoglobulins,Immunoglobulin M (IgM),0:07:05,
Immunology,Immunoglobulins,Immunoglobulin E (IgE),0:09:22,
Immunology,Immunoglobulins,Immunoglobulin D (IgD),0:02:25,
Immunology,Complement,Common Complement Pathway,0:13:41,
Immunology,Complement,Classical Complement Pathway,0:07:03,
Immunology,Complement,Alternative Complement Pathway,0:05:57,
Immunology,Complement,Lectin Complement Pathway,0:05:44,
Immunology,Other Cell Types,Neutrophils - Overview,0:11:31,
Immunology,Other Cell Types,Neutrophils - Granules,0:09:34,
Immunology,Other Cell Types,Neutrophils - Oxidative Burst,0:11:03,
Immunology,Other Cell Types,Basophils,0:08:20,
Immunology,Other Cell Types,Eosinophils,0:11:37,
Immunology,Other Cell Types,Mast Cells,0:14:20,
Immunology,Other Cell Types,Monocytes / Macrophages,0:16:26,
Immunology,Other Cell Types,Natural Killer (NK) Cells,0:13:07,
Immunology,Other Cell Types,Dendritic Cells,0:05:11,
Immunology,B Cells and T Cells,MHC I,0:07:55,
Immunology,B Cells and T Cells,MHC II,0:10:13,
Immunology,B Cells and T Cells,B Cells - Overview,0:06:47,
Immunology,B Cells and T Cells,B Cells - Activation,0:09:24,
Immunology,B Cells and T Cells,Plasma B Cells,0:05:47,
Immunology,B Cells and T Cells,Memory B Cells,0:05:27,
Immunology,B Cells and T Cells,T Cells - Overview,0:03:30,
Immunology,B Cells and T Cells,T Cells - Activation,0:09:33,
Immunology,B Cells and T Cells,T Cells - Differentation,0:14:56,
Immunology,B Cells and T Cells,Cytotoxic (Killer) T Cells,0:06:30,
Immunology,B Cells and T Cells,Helper T Cells - Overview,0:06:42,
Immunology,B Cells and T Cells,Th1 Cells,0:10:15,
Immunology,B Cells and T Cells,Th2 Cells,0:11:14,
Immunology,B Cells and T Cells,Th17 Cells,0:06:27,
Immunology,B Cells and T Cells,Regulatory T Cells (Tregs),0:11:15,
Immunology,Cytokines,TNF-alpha,0:06:03,
Immunology,Cytokines,IL-1,0:07:07,
Immunology,Cytokines,IL-2,0:06:34,
Immunology,Cytokines,IL-3,0:02:40,
Immunology,Cytokines,IL-4,0:05:53,
Immunology,Cytokines,IL-5,0:05:08,
Immunology,Cytokines,IL-6,0:05:29,
Immunology,Cytokines,IL-8,0:02:29,
Immunology,Cytokines,IL-10,0:03:26,
Immunology,Cytokines,IL-12,0:04:30,
Immunology,Cytokines,TGF-beta,0:03:31,
Immunology,Cytokines,IFN-alpha and IFN-beta,0:02:54,
Immunology,Cytokines,IFN-gamma,0:08:09,
Immunology,Immunodeficiencies,Selective IgA Deficiency,0:05:27,
Immunology,Immunodeficiencies,Chediak-Higashi Syndrome,0:10:09,
Immunology,Immunodeficiencies,DiGeorge Syndrome,0:10:06,
Immunology,Immunodeficiencies,Bruton (X-linked) Agammaglobulinemia,0:09:05,
Immunology,Immunodeficiencies,Hyper-IgM Syndrome,0:08:35,
Immunology,Immunodeficiencies,IPEX,0:07:09,
Immunology,Immunodeficiencies,Leukocyte Adhesion Deficiency (LAD),0:09:40,
Immunology,Immunodeficiencies,Chronic Granulomatous Disease (CGD),0:07:50,
Immunology,Immunodeficiencies,IL-12 Receptor Deficiency,0:08:58,
Immunology,Immunodeficiencies,Wiskott-Aldrich Syndrome,0:07:39,
Immunology,Leukemias and Lymphomas,Acute Myelogenous Leukemia (AML),0:07:15,
Immunology,Leukemias and Lymphomas,Acute Promyelocytic Leukemia (APL),0:10:54,
Immunology,Leukemias and Lymphomas,Acute Lymphocytic Leukemia (ALL),0:14:39,
Immunology,Leukemias and Lymphomas,Chronic Myelogenous Leukemia (CML),0:10:43,
Immunology,Leukemias and Lymphomas,Chronic Lymphocytic Leukemia (CLL),0:06:52,
Immunology,Leukemias and Lymphomas,Hairy Cell Leukemia (HCL),0:08:24,
Immunology,Leukemias and Lymphomas,Hodgkin Lymphoma,0:06:52,
Immunology,Leukemias and Lymphomas,Burkitt Lymphoma,0:06:34,
Immunology,Leukemias and Lymphomas,Diffuse Large B Cell Lymphoma (DLBCL),0:04:50,
Immunology,Leukemias and Lymphomas,Follicular Lymphoma,0:08:11,
Immunology,Leukemias and Lymphomas,Mantle Cell Lymphoma,0:08:16,
Immunology,Leukemias and Lymphomas,Marginal Zone Lymphoma,0:05:27,
Immunology,Leukemias and Lymphomas,Primary CNS Lymphoma (PCNSL),0:04:26,
Immunology,Leukemias and Lymphomas,Adult T-Cell Leukemia/Lymphoma (ATLL),0:04:58,
Immunology,Leukemias and Lymphomas,Mycosis Fungoides / Sezary Syndrome,0:05:54,
Immunology,Hypersensitivity Reactions,Type 1 Hypersensitivity Reactions,0:09:41,
Immunology,Hypersensitivity Reactions,Type 2 Hypersensitivity Reactions,0:07:32,
Immunology,Hypersensitivity Reactions,Type 3 Hypersensitivity Reactions,0:06:06,
Immunology,Hypersensitivity Reactions,Type 4 Hypersensitivity Reactions,0:05:15,
Immunology,Immunosuppressants,Cyclosporine,0:08:50,
Immunology,Immunosuppressants,Tacrolimus,0:06:39,
Immunology,Immunosuppressants,Sirolimus (Rapamycin),0:06:43,
Immunology,Immunosuppressants,Basiliximab,0:03:47,
Immunology,Immunosuppressants,Mycophenolate,0:04:13,
Immunology,Transfusion Reactions,Anaphylactic Transfusion Reactions,0:04:35,
Immunology,Transfusion Reactions,Acute Hemolytic Transfusion Reaction,0:10:56,
Immunology,Transfusion Reactions,Febrile Nonhemolytic Transfusion Reaction,0:05:54,
Immunology,Transfusion Reactions,TRALI,0:05:33,
Immunology,Transplant Rejection,Hyperacute Transplant Rejection,0:05:00,
Immunology,Transplant Rejection,Acute Transplant Rejection,0:05:29,
Immunology,Transplant Rejection,Chronic Transplant Rejection,0:07:15,
Immunology,Transplant Rejection,Graft vs Host Disease (GVHD),0:09:03,